{
  "features": [
    "delta_norm_atr",
    "delta_norm_std",
    "ret_1m",
    "ret_3m",
    "ret_5m",
    "range_norm_atr",
    "vwap_delta_norm_atr",
    "vol_z",
    "atr_pct",
    "time_left",
    "vol_regime_Low",
    "vol_regime_Med",
    "volu_regime_Low",
    "volu_regime_Med"
  ],
  "mean": [
    0.04297436597216382,
    -0.011517693339838786,
    2.973553381110908e-07,
    2.1985951367577524e-06,
    3.187170531182259e-06,
    4.969362413770139,
    0.043403160131262324,
    -0.10644217184901981,
    0.0006415444821822447,
    2.9998845198914488,
    0.3271551475258387,
    0.33936716900513886,
    0.3658698539176627,
    0.32859864888272994
  ],
  "std": [
    3.256993699518628,
    3.4241540158202373,
    0.0005813395470990904,
    0.0010168461986470286,
    0.0013439018220684773,
    1.778295303906554,
    1.4546314964150564,
    1.0726548025677218,
    0.0004925004608632465,
    1.4142747989083209,
    0.4691744419437032,
    0.4734945549914765,
    0.48167323354316754,
    0.4697037117536696
  ],
  "intercept": -2.3227487730377554,
  "weights": [
    -0.36983421665510274,
    0.28399039219869804,
    0.016339559287552364,
    -0.04136439035208029,
    0.01412686904425398,
    -0.9422383476763785,
    0.11534270215905466,
    0.2236640881705511,
    -0.1810269517055842,
    0.2817204408641688,
    0.2073239669408021,
    0.062203906648188076,
    0.11744371439169096,
    0.07734316510292484
  ],
  "calibration": {
    "x": [
      0.029614023268069604,
      0.07428740054030102,
      0.12334479195788156,
      0.17282321240031162,
      0.22293408169439857,
      0.27259666735153776,
      0.32116757466276097,
      0.37213382929795397,
      0.42073886668620386,
      0.4674255039002419,
      0.5201099268460583,
      0.5710518049068455,
      0.6354071497657416,
      0.6760234022603154,
      0.7358376375307943,
      0.7620791868358309
    ],
    "y": [
      0.0222579780101904,
      0.07257751937984497,
      0.13168276424976194,
      0.17928286852589642,
      0.24310872894333843,
      0.2661596958174905,
      0.2958860759493671,
      0.2958860759493671,
      0.3300970873786408,
      0.3300970873786408,
      0.3300970873786408,
      0.3300970873786408,
      0.5,
      0.5,
      0.5,
      0.5
    ]
  },
  "thresholds": {
    "p05": 0.05,
    "p10": 0.1
  },
  "atr_quantiles": [
    34.1467714285713,
    65.29059999999986
  ],
  "vol_z_quantiles": [
    -0.5187628193473091,
    0.3975490954677454
  ],
  "snapshot_price": "open",
  "last_n_minutes": 5
}