{
  "candidate": {
    "description": "Baseline: no vetoes, no probability recalibration.",
    "name": "baseline_allow_all",
    "path": "/Users/viktorzettel/Downloads/ViktorAI/MM/analysis/autoresearch_kou/candidate.py",
    "sha256": "6559b79053fbdd4be725e0317be9f861c67e46b67b703d972371f3f26471f6a9"
  },
  "evaluator": {
    "min_group_n": 20,
    "path": "/Users/viktorzettel/Downloads/ViktorAI/MM/analysis/autoresearch_kou/evaluate_candidate.py",
    "sha256": "50809cea377d87a74ecb18f2a9fa584af25ef8e1082a3f639083b1f288415803",
    "train_share": 0.6,
    "validation_share": 0.2
  },
  "inputs": {
    "first_signals": "/Users/viktorzettel/Downloads/ViktorAI/MM/data/live_capture/forensic_analysis/live_aggregate/first_signals.csv",
    "grid_events": "/Users/viktorzettel/Downloads/ViktorAI/MM/data/live_capture/forensic_analysis/polymarket_grid/polymarket_grid_events_enriched.csv"
  },
  "metrics": [
    {
      "abstained": 0,
      "allowed": 437,
      "avg_entry": null,
      "brier_side": 0.018432546270022884,
      "brier_yes": 0.018432546270022884,
      "candidate_errors": 0,
      "ci_high": 0.992219641670587,
      "ci_low": 0.9673086787057116,
      "ci_low_minus_avg_entry": null,
      "dataset": "first_signals",
      "group": "ALL",
      "log_loss_yes": 0.10906282507662947,
      "losses": 7,
      "losses_avoided": 0,
      "n": 437,
      "paper_cost": null,
      "paper_pnl": null,
      "paper_roi": null,
      "sessions": "20260414T161252Z,20260417T060220Z,20260417T134535Z,20260418T210358Z,20260419T131037Z,20260421T202422Z",
      "split": "train",
      "win_rate": 0.9839816933638444,
      "winners_blocked": 0,
      "wins": 430
    },
    {
      "abstained": 0,
      "allowed": 218,
      "avg_entry": null,
      "brier_side": 0.008381583302752293,
      "brier_yes": 0.008381583302752293,
      "candidate_errors": 0,
      "ci_high": 0.9991898157233347,
      "ci_low": 0.9744778823098569,
      "ci_low_minus_avg_entry": null,
      "dataset": "first_signals",
      "group": "symbol=ethusdt",
      "log_loss_yes": 0.07747832150556687,
      "losses": 1,
      "losses_avoided": 0,
      "n": 218,
      "paper_cost": null,
      "paper_pnl": null,
      "paper_roi": null,
      "sessions": "20260414T161252Z,20260417T060220Z,20260417T134535Z,20260418T210358Z,20260419T131037Z,20260421T202422Z",
      "split": "train",
      "win_rate": 0.9954128440366973,
      "winners_blocked": 0,
      "wins": 217
    },
    {
      "abstained": 0,
      "allowed": 219,
      "avg_entry": null,
      "brier_side": 0.02843761442922374,
      "brier_yes": 0.02843761442922374,
      "candidate_errors": 0,
      "ci_high": 0.9873845699937926,
      "ci_low": 0.9415263694358291,
      "ci_low_minus_avg_entry": null,
      "dataset": "first_signals",
      "group": "symbol=xrpusdt",
      "log_loss_yes": 0.14050310717019862,
      "losses": 6,
      "losses_avoided": 0,
      "n": 219,
      "paper_cost": null,
      "paper_pnl": null,
      "paper_roi": null,
      "sessions": "20260414T161252Z,20260417T060220Z,20260417T134535Z,20260418T210358Z,20260419T131037Z,20260421T202422Z",
      "split": "train",
      "win_rate": 0.9726027397260274,
      "winners_blocked": 0,
      "wins": 213
    },
    {
      "abstained": 0,
      "allowed": 155,
      "avg_entry": null,
      "brier_side": 0.039911438967741936,
      "brier_yes": 0.039911438967741936,
      "candidate_errors": 0,
      "ci_high": 0.9821405587654344,
      "ci_low": 0.9181273811193313,
      "ci_low_minus_avg_entry": null,
      "dataset": "first_signals",
      "group": "ALL",
      "log_loss_yes": 0.19782973373519336,
      "losses": 6,
      "losses_avoided": 0,
      "n": 155,
      "paper_cost": null,
      "paper_pnl": null,
      "paper_roi": null,
      "sessions": "20260422T202134Z,20260423T164851Z",
      "split": "validation",
      "win_rate": 0.9612903225806452,
      "winners_blocked": 0,
      "wins": 149
    },
    {
      "abstained": 0,
      "allowed": 78,
      "avg_entry": null,
      "brier_side": 0.050864549230769225,
      "brier_yes": 0.050864549230769225,
      "candidate_errors": 0,
      "ci_high": 0.9798793131534966,
      "ci_low": 0.8754314334594728,
      "ci_low_minus_avg_entry": null,
      "dataset": "first_signals",
      "group": "symbol=ethusdt",
      "log_loss_yes": 0.22397572243007138,
      "losses": 4,
      "losses_avoided": 0,
      "n": 78,
      "paper_cost": null,
      "paper_pnl": null,
      "paper_roi": null,
      "sessions": "20260422T202134Z,20260423T164851Z",
      "split": "validation",
      "win_rate": 0.9487179487179487,
      "winners_blocked": 0,
      "wins": 74
    },
    {
      "abstained": 0,
      "allowed": 77,
      "avg_entry": null,
      "brier_side": 0.028816080519480515,
      "brier_yes": 0.028816080519480515,
      "candidate_errors": 0,
      "ci_high": 0.9928479901518616,
      "ci_low": 0.9101524452675265,
      "ci_low_minus_avg_entry": null,
      "dataset": "first_signals",
      "group": "symbol=xrpusdt",
      "log_loss_yes": 0.17134418674557667,
      "losses": 2,
      "losses_avoided": 0,
      "n": 77,
      "paper_cost": null,
      "paper_pnl": null,
      "paper_roi": null,
      "sessions": "20260422T202134Z,20260423T164851Z",
      "split": "validation",
      "win_rate": 0.974025974025974,
      "winners_blocked": 0,
      "wins": 75
    },
    {
      "abstained": 0,
      "allowed": 153,
      "avg_entry": null,
      "brier_side": 0.00408424522875817,
      "brier_yes": 0.00408424522875817,
      "candidate_errors": 0,
      "ci_high": 1.0,
      "ci_low": 0.9755064982759676,
      "ci_low_minus_avg_entry": null,
      "dataset": "first_signals",
      "group": "ALL",
      "log_loss_yes": 0.06243139970638859,
      "losses": 0,
      "losses_avoided": 0,
      "n": 153,
      "paper_cost": null,
      "paper_pnl": null,
      "paper_roi": null,
      "sessions": "20260424T092134Z,20260424T175300Z",
      "split": "test",
      "win_rate": 1.0,
      "winners_blocked": 0,
      "wins": 153
    },
    {
      "abstained": 0,
      "allowed": 78,
      "avg_entry": null,
      "brier_side": 0.003930442564102563,
      "brier_yes": 0.0039304425641025625,
      "candidate_errors": 0,
      "ci_high": 1.0,
      "ci_low": 0.9530605462258804,
      "ci_low_minus_avg_entry": null,
      "dataset": "first_signals",
      "group": "symbol=ethusdt",
      "log_loss_yes": 0.060992582959859355,
      "losses": 0,
      "losses_avoided": 0,
      "n": 78,
      "paper_cost": null,
      "paper_pnl": null,
      "paper_roi": null,
      "sessions": "20260424T092134Z,20260424T175300Z",
      "split": "test",
      "win_rate": 1.0,
      "winners_blocked": 0,
      "wins": 78
    },
    {
      "abstained": 0,
      "allowed": 75,
      "avg_entry": null,
      "brier_side": 0.0042442,
      "brier_yes": 0.0042442,
      "candidate_errors": 0,
      "ci_high": 1.0,
      "ci_low": 0.9512744540953,
      "ci_low_minus_avg_entry": null,
      "dataset": "first_signals",
      "group": "symbol=xrpusdt",
      "log_loss_yes": 0.06392776912277899,
      "losses": 0,
      "losses_avoided": 0,
      "n": 75,
      "paper_cost": null,
      "paper_pnl": null,
      "paper_roi": null,
      "sessions": "20260424T092134Z,20260424T175300Z",
      "split": "test",
      "win_rate": 1.0,
      "winners_blocked": 0,
      "wins": 75
    },
    {
      "abstained": 0,
      "allowed": 6789,
      "avg_entry": 0.9529097068787745,
      "brier_side": null,
      "brier_yes": null,
      "candidate_errors": 0,
      "ci_high": 0.9846588110413094,
      "ci_low": 0.9782666309416158,
      "ci_low_minus_avg_entry": 0.02535692406284129,
      "dataset": "polymarket_grid",
      "group": "ALL",
      "log_loss_yes": null,
      "losses": 124,
      "losses_avoided": 0,
      "n": 6789,
      "paper_cost": 16731.54382,
      "paper_pnl": 808.0461800000002,
      "paper_roi": 0.0482947771402962,