{
  "features": [
    "delta_norm_atr",
    "delta_norm_std",
    "ret_1m",
    "ret_3m",
    "ret_5m",
    "range_norm_atr",
    "vwap_delta_norm_atr",
    "vol_z",
    "atr_pct",
    "time_left",
    "vol_regime_Low",
    "vol_regime_Med",
    "volu_regime_Low",
    "volu_regime_Med"
  ],
  "mean": [
    0.03207628492555971,
    -0.011517693339838786,
    2.973553381110908e-07,
    2.1985951367577524e-06,
    3.187170531182259e-06,
    4.977371674139492,
    0.040049892480954946,
    -0.10644217184901981,
    0.000640922785487589,
    2.9998845198914488,
    0.32822333852993824,
    0.33980021941220623,
    0.3658698539176627,
    0.32859864888272994
  ],
  "std": [
    3.33416813609711,
    3.4241540158202373,
    0.0005813395470990904,
    0.0010168461986470286,
    0.0013439018220684773,
    2.1549391638500603,
    1.467700841077728,
    1.0726548025677218,
    0.0004705178097080383,
    1.4142747989083209,
    0.4695665858791485,
    0.4736412464087379,
    0.48167323354316754,
    0.4697037117536696
  ],
  "intercept": -2.327369767857359,
  "weights": [
    -0.36814255824800574,
    0.2986885329663309,
    0.0005658863560658155,
    -0.030457123753136802,
    0.034908781000802226,
    -0.9527760737758596,
    0.06487016034652959,
    0.2595396321527638,
    -0.12307189390775855,
    0.3006910410133404,
    0.15928172570480215,
    0.05157883381043225,
    0.1088570943764235,
    0.07523186279013731
  ],
  "calibration": {
    "x": [
      0.028938565487286596,
      0.07471631070359115,
      0.12338105253279365,
      0.17292937638557868,
      0.2222266399839897,
      0.27185039209740014,
      0.32108074619728005,
      0.3691232140334126,
      0.4232462023235297,
      0.4691055286086071,
      0.520341653496486,
      0.5768626195130018,
      0.622134243425645,
      0.6538843689267381
    ],
    "y": [
      0.025102935316775137,
      0.0743683781581092,
      0.1264048657939971,
      0.18278449353897458,
      0.22869789745481373,
      0.259059367771781,
      0.27638190954773867,
      0.3842364532019704,
      0.3842364532019704,
      0.3842364532019704,
      0.3842364532019704,
      0.5,
      0.5,
      1.0
    ]
  },
  "thresholds": {
    "p05": 0.05,
    "p10": 0.1,
    "p15": 0.15,
    "p20": 0.2
  },
  "atr_quantiles": [
    0.00038000838631876966,
    0.0007101796230832742
  ],
  "vol_z_quantiles": [
    -0.5187628193473091,
    0.3975490954677454
  ],
  "snapshot_price": "open",
  "last_n_minutes": 5
}